cluster,size,mean_frequency,mean_monetary,mean_delivery_ratio,mean_avg_order_value,mean_negative_feedback,composite_score,segment_name
2,287,4.494773519163763,11261.87324041812,1.0,2583.8455101211216,1.5226480836236933,5632.4850522648085,High-Value Champions
3,987,2.613981762917933,5898.581418439716,1.0,2379.3420694022284,0.8348530901722391,2950.2749037487333,Promising Customers
0,898,1.2583518930957684,2177.3396659242762,1.0,1862.5401948775054,0.4242761692650334,1089.2473385300668,Needs Attention
1,328,0.0,0.0,0.0,0.0,0.0,0.0,At-Risk
